id	field	name	startAngle	endAngle
1	4	"boo"	0	0.6613879270715354
2	6	"bo"	0.6613879270715354	1.6534698176788383
3	10	"b"	1.6534698176788383	3.3069396353576765
4	3	"var"	3.3069396353576765	3.802980580661328
5	7	"baz"	3.802980580661328	4.960409453036515
6	8	"bar"	4.960409453036515	6.283185307179586
