id,field,name,startAngle,endAngle
1,4,"boo",0,0.661387927
2,6,"bo",0.661387927,1.653469818
3,10,"b",1.653469818,3.306939635
4,3,"var",3.306939635,3.802980581
5,7,"baz",3.802980581,4.960409453
6,8,"bar",4.960409453,6.283185307
